project_id,name,tags,contributor_count,created_timestamp,solo
proj001,quantum-marketplace,["blockchain","web3","react","solidity"],156,2024-01-01-14:30:00,false
proj002,smart-inventory,["python","ml","data"],89,2024-01-02-09:15:00,false
proj003,virtual-classroom,["web","react","websockets"],124,2024-01-02-16:45:00,false
proj004,onlymukian,["web","react","streaming","nodejs"],1,2024-01-03-10:00:00,true
proj005,task-tracker,["web","react","typescript"],78,2024-01-03-15:30:00,false
proj006,file-sync,["golang","systems","networking"],92,2024-01-04-11:20:00,false
proj007,code-analyzer,["python","ast","tools"],67,2024-01-04-14:45:00,false
proj008,resource-scheduler,["java","algorithms"],103,2024-01-05-09:30:00,false
proj009,secure-messenger,["rust","cryptography"],45,2024-01-05-16:15:00,false
proj010,music-library,["web","react","audio"],82,2024-01-06-10:45:00,false
proj011,data-viz-toolkit,["d3","typescript","visualization"],73,2024-01-07-09:00:00,false
proj012,expense-tracker,["web","react"],1,2024-01-07-14:30:00,true
proj013,cloud-storage,["aws","golang","distributed"],95,2024-01-08-10:15:00,false
proj014,study-planner,["web","vue"],1,2024-01-08-15:45:00,true
proj015,team-collab,["web","react","websockets"],88,2024-01-09-11:20:00,false
proj016,code-reviewer,["python","git"],1,2024-01-09-16:00:00,true
proj017,cache-system,["cpp","systems"],69,2024-01-10-09:30:00,false
proj018,news-aggregator,["python","nlp"],1,2024-01-10-14:15:00,true
proj019,sentiment-analysis,["python","ml","nlp"],83,2024-01-11-10:45:00,false
proj020,recipe-finder,["web","react"],1,2024-01-11-15:30:00,true
proj021,search-engine,["java","lucene"],94,2024-01-12-09:00:00,false
proj022,budget-app,["web","react"],1,2024-01-12-14:45:00,true
proj023,code-generator,["python","templates"],87,2024-01-13-10:30:00,false
proj024,note-taker,["web","react"],1,2024-01-13-15:15:00,true
proj025,video-platform,["golang","streaming"],91,2024-01-14-11:00:00,false
proj026,math-trainer,["web","react"],1,2024-01-14-16:30:00,true
proj027,api-gateway,["nodejs","microservices"],81,2024-01-15-09:45:00,false
proj028,habit-tracker,["web","react"],1,2024-01-15-14:20:00,true
proj029,image-processor,["python","opencv"],89,2024-01-16-10:00:00,false
proj030,meditation-app,["web","react"],1,2024-01-16-15:45:00,true
proj031,message-queue,["rust","distributed"],84,2024-01-17-11:30:00,false
proj032,language-tutor,["web","react"],1,2024-01-17-16:15:00,true
proj033,face-auth,["python","ml","security"],96,2024-01-18-09:00:00,false
proj034,time-manager,["web","react"],1,2024-01-18-14:45:00,true
proj035,graph-db,["cpp","databases"],86,2024-01-19-10:30:00,false
proj036,flashcards,["web","react"],1,2024-01-19-15:15:00,true
proj037,recommendation-sys,["python","ml"],93,2024-01-20-11:00:00,false
proj038,journal-app,["web","react"],1,2024-01-20-16:30:00,true
proj039,data-pipeline,["python","apache-beam"],80,2024-01-21-09:45:00,false
proj040,workout-tracker,["web","react"],1,2024-01-21-14:20:00,true
proj041,load-balancer,["golang","networking"],90,2024-01-22-10:00:00,false
proj042,art-gallery,["web","react"],1,2024-01-22-15:45:00,true
proj043,chatbot,["python","ml"],88,2024-01-23-11:30:00,false
proj044,goal-setter,["web","react"],1,2024-01-23-16:15:00,true
proj045,data-explorer,["python","visualization"],85,2024-01-24-09:00:00,false
proj046,quiz-maker,["web","react"],1,2024-01-24-14:45:00,true
proj047,stream-processor,["java","kafka"],92,2024-01-25-10:30:00,false
proj048,music-player,["web","react"],1,2024-01-25-15:15:00,true
proj049,fraud-detector,["python","ml"],87,2024-01-26-11:00:00,false
proj050,weather-dash,["web","react"],1,2024-01-26-16:30:00,true
